zcta5,reason
NOZIP-000925e3fa,"auto: coastal air-quality-smoothing artifact (raw~0, score~100)"
NOZIP-013878fb40,"auto: coastal air-quality-smoothing artifact (raw~0, score~100)"
NOZIP-0170aea852,"auto: coastal air-quality-smoothing artifact (raw~0, score~100)"
NOZIP-02a2d633e4,"auto: coastal air-quality-smoothing artifact (raw~0, score~100)"
NOZIP-02daace873,"auto: coastal air-quality-smoothing artifact (raw~0, score~100)"
NOZIP-0497935e81,"auto: coastal air-quality-smoothing artifact (raw~0, score~100)"
NOZIP-04ef38ec90,"auto: coastal air-quality-smoothing artifact (raw~0, score~100)"
NOZIP-06d9ad8f63,"auto: coastal air-quality-smoothing artifact (raw~0, score~100)"
NOZIP-09a07d82d1,"auto: coastal air-quality-smoothing artifact (raw~0, score~100)"
NOZIP-0ae73bdfaf,"auto: coastal air-quality-smoothing artifact (raw~0, score~100)"
NOZIP-0bb22fbb44,"auto: coastal air-quality-smoothing artifact (raw~0, score~100)"
NOZIP-0c882d0974,"auto: coastal air-quality-smoothing artifact (raw~0, score~100)"
NOZIP-0cd2f1c854,"auto: coastal air-quality-smoothing artifact (raw~0, score~100)"
NOZIP-0ce51da4ae,"auto: coastal air-quality-smoothing artifact (raw~0, score~100)"
NOZIP-0d147e72fe,"auto: coastal air-quality-smoothing artifact (raw~0, score~100)"
NOZIP-12662a1b50,"auto: coastal air-quality-smoothing artifact (raw~0, score~100)"
NOZIP-147a555ff8,"auto: coastal air-quality-smoothing artifact (raw~0, score~100)"
NOZIP-148da90fa2,"auto: coastal air-quality-smoothing artifact (raw~0, score~100)"
NOZIP-159855e050,"auto: coastal air-quality-smoothing artifact (raw~0, score~100)"
NOZIP-159b93f1b8,"auto: coastal air-quality-smoothing artifact (raw~0, score~100)"
NOZIP-169b7fc88d,"auto: coastal air-quality-smoothing artifact (raw~0, score~100)"
NOZIP-16a3493e55,"auto: coastal air-quality-smoothing artifact (raw~0, score~100)"
NOZIP-182398e3c7,"auto: coastal air-quality-smoothing artifact (raw~0, score~100)"
NOZIP-1a3b8a9a5d,"auto: coastal air-quality-smoothing artifact (raw~0, score~100)"
NOZIP-1ad687399d,"auto: coastal air-quality-smoothing artifact (raw~0, score~100)"
NOZIP-1c41c7ff6a,"auto: coastal air-quality-smoothing artifact (raw~0, score~100)"
NOZIP-1d8b1003f1,"auto: coastal air-quality-smoothing artifact (raw~0, score~100)"
NOZIP-1fe33a155a,"auto: coastal air-quality-smoothing artifact (raw~0, score~100)"
NOZIP-2009c571d8,"auto: coastal air-quality-smoothing artifact (raw~0, score~100)"
NOZIP-202108cb2c,"auto: coastal air-quality-smoothing artifact (raw~0, score~100)"
NOZIP-207c418f9a,"auto: coastal air-quality-smoothing artifact (raw~0, score~100)"
NOZIP-22e970159a,"auto: coastal air-quality-smoothing artifact (raw~0, score~100)"
NOZIP-241de58384,"auto: coastal air-quality-smoothing artifact (raw~0, score~100)"
NOZIP-252c9f606b,"auto: coastal air-quality-smoothing artifact (raw~0, score~100)"
NOZIP-26306e0fc3,"auto: coastal air-quality-smoothing artifact (raw~0, score~100)"
NOZIP-26a63a9f9f,"auto: coastal air-quality-smoothing artifact (raw~0, score~100)"
NOZIP-26bb642a51,"auto: coastal air-quality-smoothing artifact (raw~0, score~100)"
NOZIP-26dd00b853,"auto: coastal air-quality-smoothing artifact (raw~0, score~100)"
NOZIP-27e5644a2d,"auto: coastal air-quality-smoothing artifact (raw~0, score~100)"
NOZIP-28c6776b88,"auto: coastal air-quality-smoothing artifact (raw~0, score~100)"
NOZIP-2c7f5e082b,"auto: coastal air-quality-smoothing artifact (raw~0, score~100)"
NOZIP-2cd57a1860,"auto: coastal air-quality-smoothing artifact (raw~0, score~100)"
NOZIP-2f68aaf229,"auto: coastal air-quality-smoothing artifact (raw~0, score~100)"
NOZIP-2fa99db2c3,"auto: coastal air-quality-smoothing artifact (raw~0, score~100)"
NOZIP-307002588d,"auto: coastal air-quality-smoothing artifact (raw~0, score~100)"
NOZIP-307b12ec50,"auto: coastal air-quality-smoothing artifact (raw~0, score~100)"
NOZIP-30aac66208,"auto: coastal air-quality-smoothing artifact (raw~0, score~100)"
NOZIP-320b6d8249,"auto: coastal air-quality-smoothing artifact (raw~0, score~100)"
NOZIP-323f5891fd,"auto: coastal air-quality-smoothing artifact (raw~0, score~100)"
NOZIP-3406ee6e8f,"auto: coastal air-quality-smoothing artifact (raw~0, score~100)"
NOZIP-370915c64e,"auto: coastal air-quality-smoothing artifact (raw~0, score~100)"
NOZIP-37cd014fd5,"auto: coastal air-quality-smoothing artifact (raw~0, score~100)"
NOZIP-37d25d62f3,"auto: coastal air-quality-smoothing artifact (raw~0, score~100)"
NOZIP-380372fcaf,"auto: coastal air-quality-smoothing artifact (raw~0, score~100)"
NOZIP-3879e58493,"auto: coastal air-quality-smoothing artifact (raw~0, score~100)"
NOZIP-39241bd7e5,"auto: coastal air-quality-smoothing artifact (raw~0, score~100)"
NOZIP-3b9f68d59c,"auto: coastal air-quality-smoothing artifact (raw~0, score~100)"
NOZIP-3c593150b4,"auto: coastal air-quality-smoothing artifact (raw~0, score~100)"
NOZIP-3e1a93512f,"auto: coastal air-quality-smoothing artifact (raw~0, score~100)"
NOZIP-41a7b36bda,"auto: coastal air-quality-smoothing artifact (raw~0, score~100)"
NOZIP-41c4ec7b9d,"auto: coastal air-quality-smoothing artifact (raw~0, score~100)"
NOZIP-42a691a75a,"auto: coastal air-quality-smoothing artifact (raw~0, score~100)"
NOZIP-437e7abd0d,"auto: coastal air-quality-smoothing artifact (raw~0, score~100)"
NOZIP-451a5488f6,"auto: coastal air-quality-smoothing artifact (raw~0, score~100)"
NOZIP-457ed34046,"auto: coastal air-quality-smoothing artifact (raw~0, score~100)"
NOZIP-47a450eab1,"auto: coastal air-quality-smoothing artifact (raw~0, score~100)"
NOZIP-483b2416b7,"auto: coastal air-quality-smoothing artifact (raw~0, score~100)"
NOZIP-48c0d250fd,"auto: coastal air-quality-smoothing artifact (raw~0, score~100)"
NOZIP-48df3edfbf,"auto: coastal air-quality-smoothing artifact (raw~0, score~100)"
NOZIP-4908c1f728,"auto: coastal air-quality-smoothing artifact (raw~0, score~100)"
NOZIP-4b17131f04,"auto: coastal air-quality-smoothing artifact (raw~0, score~100)"
NOZIP-4e86f1239b,"auto: coastal air-quality-smoothing artifact (raw~0, score~100)"
NOZIP-4fd8eb4b3b,"auto: coastal air-quality-smoothing artifact (raw~0, score~100)"
NOZIP-5024e4af86,"auto: coastal air-quality-smoothing artifact (raw~0, score~100)"
NOZIP-51ed00ae3e,"auto: coastal air-quality-smoothing artifact (raw~0, score~100)"
NOZIP-5281b80d8a,"auto: coastal air-quality-smoothing artifact (raw~0, score~100)"
NOZIP-546733da6b,"auto: coastal air-quality-smoothing artifact (raw~0, score~100)"
NOZIP-553df3b150,"auto: coastal air-quality-smoothing artifact (raw~0, score~100)"
NOZIP-5948922ce6,"auto: coastal air-quality-smoothing artifact (raw~0, score~100)"
NOZIP-5c159f6c0c,"auto: coastal air-quality-smoothing artifact (raw~0, score~100)"
NOZIP-5cd750406d,"auto: coastal air-quality-smoothing artifact (raw~0, score~100)"
NOZIP-5d63660157,"auto: coastal air-quality-smoothing artifact (raw~0, score~100)"
NOZIP-5eecad0284,"auto: coastal air-quality-smoothing artifact (raw~0, score~100)"
NOZIP-5fac129548,"auto: coastal air-quality-smoothing artifact (raw~0, score~100)"
NOZIP-5fec4d50a0,"auto: coastal air-quality-smoothing artifact (raw~0, score~100)"
NOZIP-6071d7bc22,"auto: coastal air-quality-smoothing artifact (raw~0, score~100)"
NOZIP-60f08a80ed,"auto: coastal air-quality-smoothing artifact (raw~0, score~100)"
NOZIP-6241c7d8dc,"auto: coastal air-quality-smoothing artifact (raw~0, score~100)"
NOZIP-62f295633d,"auto: coastal air-quality-smoothing artifact (raw~0, score~100)"
NOZIP-6400f790d9,"auto: coastal air-quality-smoothing artifact (raw~0, score~100)"
NOZIP-6572edf6d8,"auto: coastal air-quality-smoothing artifact (raw~0, score~100)"
NOZIP-659cf73cad,"auto: coastal air-quality-smoothing artifact (raw~0, score~100)"
NOZIP-6714a88924,"auto: coastal air-quality-smoothing artifact (raw~0, score~100)"
NOZIP-67dad563fd,"auto: coastal air-quality-smoothing artifact (raw~0, score~100)"
NOZIP-68bdd3291c,"auto: coastal air-quality-smoothing artifact (raw~0, score~100)"
NOZIP-6ccb06e125,"auto: coastal air-quality-smoothing artifact (raw~0, score~100)"
NOZIP-6d3f39fba2,"auto: coastal air-quality-smoothing artifact (raw~0, score~100)"
NOZIP-6d5fd93a1e,"auto: coastal air-quality-smoothing artifact (raw~0, score~100)"
NOZIP-6dbb1251a5,"auto: coastal air-quality-smoothing artifact (raw~0, score~100)"
NOZIP-6e0cc1bb2e,"auto: coastal air-quality-smoothing artifact (raw~0, score~100)"
NOZIP-6f266bc2ee,"auto: coastal air-quality-smoothing artifact (raw~0, score~100)"
NOZIP-6f2b3e3014,"auto: coastal air-quality-smoothing artifact (raw~0, score~100)"
NOZIP-6f8521faeb,"auto: coastal air-quality-smoothing artifact (raw~0, score~100)"
NOZIP-7314a3d564,"auto: coastal air-quality-smoothing artifact (raw~0, score~100)"
NOZIP-7512f616d2,"auto: coastal air-quality-smoothing artifact (raw~0, score~100)"
NOZIP-754d8a3694,"auto: coastal air-quality-smoothing artifact (raw~0, score~100)"
NOZIP-756c689c16,"auto: coastal air-quality-smoothing artifact (raw~0, score~100)"
NOZIP-76175286cb,"auto: coastal air-quality-smoothing artifact (raw~0, score~100)"
NOZIP-7779981807,"auto: coastal air-quality-smoothing artifact (raw~0, score~100)"
NOZIP-77bf26c00b,"auto: coastal air-quality-smoothing artifact (raw~0, score~100)"
NOZIP-79bfdd0858,"auto: coastal air-quality-smoothing artifact (raw~0, score~100)"
NOZIP-7a965abdb1,"auto: coastal air-quality-smoothing artifact (raw~0, score~100)"
NOZIP-7ab1238b7e,"auto: coastal air-quality-smoothing artifact (raw~0, score~100)"
NOZIP-7ada848dad,"auto: coastal air-quality-smoothing artifact (raw~0, score~100)"
NOZIP-809a9c86c0,"auto: coastal air-quality-smoothing artifact (raw~0, score~100)"
NOZIP-80d1887beb,"auto: coastal air-quality-smoothing artifact (raw~0, score~100)"
NOZIP-80f6337210,"auto: coastal air-quality-smoothing artifact (raw~0, score~100)"
NOZIP-818c1e3aec,"auto: coastal air-quality-smoothing artifact (raw~0, score~100)"
NOZIP-82a04697f1,"auto: coastal air-quality-smoothing artifact (raw~0, score~100)"
NOZIP-83874ead29,"auto: coastal air-quality-smoothing artifact (raw~0, score~100)"
NOZIP-86069151cd,"auto: coastal air-quality-smoothing artifact (raw~0, score~100)"
NOZIP-879f832197,"auto: coastal air-quality-smoothing artifact (raw~0, score~100)"
NOZIP-87f398e160,"auto: coastal air-quality-smoothing artifact (raw~0, score~100)"
NOZIP-883a8e01fe,"auto: coastal air-quality-smoothing artifact (raw~0, score~100)"
NOZIP-89b41155a4,"auto: coastal air-quality-smoothing artifact (raw~0, score~100)"
NOZIP-89e460c50e,"auto: coastal air-quality-smoothing artifact (raw~0, score~100)"
NOZIP-8e81878b07,"auto: coastal air-quality-smoothing artifact (raw~0, score~100)"
NOZIP-8ebd740552,"auto: coastal air-quality-smoothing artifact (raw~0, score~100)"
NOZIP-8f2be1ba62,"auto: coastal air-quality-smoothing artifact (raw~0, score~100)"
NOZIP-91e2376456,"auto: coastal air-quality-smoothing artifact (raw~0, score~100)"
NOZIP-921ec2cae2,"auto: coastal air-quality-smoothing artifact (raw~0, score~100)"
NOZIP-956981dd9d,"auto: coastal air-quality-smoothing artifact (raw~0, score~100)"
NOZIP-95a98722a2,"auto: coastal air-quality-smoothing artifact (raw~0, score~100)"
NOZIP-991fc1a6a9,"auto: coastal air-quality-smoothing artifact (raw~0, score~100)"
NOZIP-993138d69a,"auto: coastal air-quality-smoothing artifact (raw~0, score~100)"
NOZIP-9b825b7e89,"auto: coastal air-quality-smoothing artifact (raw~0, score~100)"
NOZIP-9ba405d835,"auto: coastal air-quality-smoothing artifact (raw~0, score~100)"
NOZIP-9ce917653c,"auto: coastal air-quality-smoothing artifact (raw~0, score~100)"
NOZIP-9ed187ef49,"auto: coastal air-quality-smoothing artifact (raw~0, score~100)"
NOZIP-9f3ac9589c,"auto: coastal air-quality-smoothing artifact (raw~0, score~100)"
NOZIP-9fe5a98235,"auto: coastal air-quality-smoothing artifact (raw~0, score~100)"
NOZIP-a05f1fa16a,"auto: coastal air-quality-smoothing artifact (raw~0, score~100)"
NOZIP-a11e5f2afe,"auto: coastal air-quality-smoothing artifact (raw~0, score~100)"
NOZIP-a34a41dc0b,"auto: coastal air-quality-smoothing artifact (raw~0, score~100)"
NOZIP-a498bcdfaf,"auto: coastal air-quality-smoothing artifact (raw~0, score~100)"
NOZIP-a577c400ce,"auto: coastal air-quality-smoothing artifact (raw~0, score~100)"
NOZIP-a58d9275ac,"auto: coastal air-quality-smoothing artifact (raw~0, score~100)"
NOZIP-a5c093351e,"auto: coastal air-quality-smoothing artifact (raw~0, score~100)"
NOZIP-a5d8496a2e,"auto: coastal air-quality-smoothing artifact (raw~0, score~100)"
NOZIP-a6d639365a,"auto: coastal air-quality-smoothing artifact (raw~0, score~100)"
NOZIP-a8881b0498,"auto: coastal air-quality-smoothing artifact (raw~0, score~100)"
NOZIP-a9d3097610,"auto: coastal air-quality-smoothing artifact (raw~0, score~100)"
NOZIP-ab0a3cc7c3,"auto: coastal air-quality-smoothing artifact (raw~0, score~100)"
NOZIP-ab99137019,"auto: coastal air-quality-smoothing artifact (raw~0, score~100)"
NOZIP-abf2b0c591,"auto: coastal air-quality-smoothing artifact (raw~0, score~100)"
NOZIP-ac434700b9,"auto: coastal air-quality-smoothing artifact (raw~0, score~100)"
NOZIP-aca3e7b037,"auto: coastal air-quality-smoothing artifact (raw~0, score~100)"
NOZIP-ada9bb68ad,"auto: coastal air-quality-smoothing artifact (raw~0, score~100)"
NOZIP-aeb8927015,"auto: coastal air-quality-smoothing artifact (raw~0, score~100)"
NOZIP-afb4d7fa1e,"auto: coastal air-quality-smoothing artifact (raw~0, score~100)"
NOZIP-b03dabfc52,"auto: coastal air-quality-smoothing artifact (raw~0, score~100)"
NOZIP-b06c4e1bb5,"auto: coastal air-quality-smoothing artifact (raw~0, score~100)"
NOZIP-b17a59c2b5,"auto: coastal air-quality-smoothing artifact (raw~0, score~100)"
NOZIP-b2241ae73f,"auto: coastal air-quality-smoothing artifact (raw~0, score~100)"
NOZIP-b2909041cc,"auto: coastal air-quality-smoothing artifact (raw~0, score~100)"
NOZIP-b53b7fa177,"auto: coastal air-quality-smoothing artifact (raw~0, score~100)"
NOZIP-b570713a93,"auto: coastal air-quality-smoothing artifact (raw~0, score~100)"
NOZIP-b5e2d8869c,"auto: coastal air-quality-smoothing artifact (raw~0, score~100)"
NOZIP-b88667802a,"auto: coastal air-quality-smoothing artifact (raw~0, score~100)"
NOZIP-b95803bcf6,"auto: coastal air-quality-smoothing artifact (raw~0, score~100)"
NOZIP-b99fed1c3d,"auto: coastal air-quality-smoothing artifact (raw~0, score~100)"
NOZIP-b9a1dd266c,"auto: coastal air-quality-smoothing artifact (raw~0, score~100)"
NOZIP-bc00cee27b,"auto: coastal air-quality-smoothing artifact (raw~0, score~100)"
NOZIP-beac72b5e9,"auto: coastal air-quality-smoothing artifact (raw~0, score~100)"
NOZIP-bec35c3616,"auto: coastal air-quality-smoothing artifact (raw~0, score~100)"
NOZIP-c01365730b,"auto: coastal air-quality-smoothing artifact (raw~0, score~100)"
NOZIP-c3233e95d9,"auto: coastal air-quality-smoothing artifact (raw~0, score~100)"
NOZIP-c33a940a76,"auto: coastal air-quality-smoothing artifact (raw~0, score~100)"
NOZIP-c3710d428c,"auto: coastal air-quality-smoothing artifact (raw~0, score~100)"
NOZIP-c46be38aaf,"auto: coastal air-quality-smoothing artifact (raw~0, score~100)"
NOZIP-c4b1f6f426,"auto: coastal air-quality-smoothing artifact (raw~0, score~100)"
NOZIP-c4faa42286,"auto: coastal air-quality-smoothing artifact (raw~0, score~100)"
NOZIP-c60c53b642,"auto: coastal air-quality-smoothing artifact (raw~0, score~100)"
NOZIP-c6252f4911,"auto: coastal air-quality-smoothing artifact (raw~0, score~100)"
NOZIP-c821f7fc01,"auto: coastal air-quality-smoothing artifact (raw~0, score~100)"
NOZIP-c9c11c5485,"auto: coastal air-quality-smoothing artifact (raw~0, score~100)"
NOZIP-ca7b3149cb,"auto: coastal air-quality-smoothing artifact (raw~0, score~100)"
NOZIP-cb67ff597c,"auto: coastal air-quality-smoothing artifact (raw~0, score~100)"
NOZIP-cc6b790dd5,"auto: coastal air-quality-smoothing artifact (raw~0, score~100)"
NOZIP-ccd13bc3bb,"auto: coastal air-quality-smoothing artifact (raw~0, score~100)"
NOZIP-ce06df8b88,"auto: coastal air-quality-smoothing artifact (raw~0, score~100)"
NOZIP-ce5c016a73,"auto: coastal air-quality-smoothing artifact (raw~0, score~100)"
NOZIP-d721a98f4e,"auto: coastal air-quality-smoothing artifact (raw~0, score~100)"
NOZIP-d7c42d8e00,"auto: coastal air-quality-smoothing artifact (raw~0, score~100)"
NOZIP-d889a59e3f,"auto: coastal air-quality-smoothing artifact (raw~0, score~100)"
NOZIP-d919d56fad,"auto: coastal air-quality-smoothing artifact (raw~0, score~100)"
NOZIP-db2813a7d4,"auto: coastal air-quality-smoothing artifact (raw~0, score~100)"
NOZIP-e2054ba99d,"auto: coastal air-quality-smoothing artifact (raw~0, score~100)"
NOZIP-e234de6017,"auto: coastal air-quality-smoothing artifact (raw~0, score~100)"
NOZIP-e3411706c2,"auto: coastal air-quality-smoothing artifact (raw~0, score~100)"
NOZIP-e35b874c1c,"auto: coastal air-quality-smoothing artifact (raw~0, score~100)"
NOZIP-e767665ed2,"auto: coastal air-quality-smoothing artifact (raw~0, score~100)"
NOZIP-e81bd5d7d2,"auto: coastal air-quality-smoothing artifact (raw~0, score~100)"
NOZIP-ec2ead7eeb,"auto: coastal air-quality-smoothing artifact (raw~0, score~100)"
NOZIP-ec4b181090,"auto: coastal air-quality-smoothing artifact (raw~0, score~100)"
NOZIP-ec8c330841,"auto: coastal air-quality-smoothing artifact (raw~0, score~100)"
NOZIP-ecfd8f38e4,"auto: coastal air-quality-smoothing artifact (raw~0, score~100)"
NOZIP-ed543517e6,"auto: coastal air-quality-smoothing artifact (raw~0, score~100)"
NOZIP-eecd52fcae,"auto: coastal air-quality-smoothing artifact (raw~0, score~100)"
NOZIP-efd91f721c,"auto: coastal air-quality-smoothing artifact (raw~0, score~100)"
NOZIP-f137a3a6a2,"auto: coastal air-quality-smoothing artifact (raw~0, score~100)"
NOZIP-f211466f43,"auto: coastal air-quality-smoothing artifact (raw~0, score~100)"
NOZIP-f3810276ef,"auto: coastal air-quality-smoothing artifact (raw~0, score~100)"
NOZIP-f5400dc387,"auto: coastal air-quality-smoothing artifact (raw~0, score~100)"
NOZIP-f6ac2e1c8a,"auto: coastal air-quality-smoothing artifact (raw~0, score~100)"
NOZIP-f750c0e7f3,"auto: coastal air-quality-smoothing artifact (raw~0, score~100)"
NOZIP-f7ac1d0c2f,"auto: coastal air-quality-smoothing artifact (raw~0, score~100)"
NOZIP-f7e18c6f90,"auto: coastal air-quality-smoothing artifact (raw~0, score~100)"
NOZIP-f8385eb849,"auto: coastal air-quality-smoothing artifact (raw~0, score~100)"
NOZIP-f9da17f29e,"auto: coastal air-quality-smoothing artifact (raw~0, score~100)"
NOZIP-fb06a27fbe,"auto: coastal air-quality-smoothing artifact (raw~0, score~100)"
NOZIP-fb1ba0863d,"auto: coastal air-quality-smoothing artifact (raw~0, score~100)"
NOZIP-fe59c15d54,"auto: coastal air-quality-smoothing artifact (raw~0, score~100)"
NOZIP-fed94a8a9f,"auto: coastal air-quality-smoothing artifact (raw~0, score~100)"
NOZIP-ff0b07862a,"auto: coastal air-quality-smoothing artifact (raw~0, score~100)"
NOZIP-ffd8c98d23,"auto: coastal air-quality-smoothing artifact (raw~0, score~100)"
NOZIP-038e627129,manual: user-identified air-quality-smoothing artifact
NOZIP-06eb909d85,manual: user-identified air-quality-smoothing artifact
NOZIP-1272b40d17,manual: user-identified air-quality-smoothing artifact
NOZIP-1a993a5e9d,manual: user-identified air-quality-smoothing artifact
NOZIP-1b6d02a190,manual: user-identified air-quality-smoothing artifact
NOZIP-255a60ef08,manual: user-identified air-quality-smoothing artifact
NOZIP-3ec8f75ded,manual: user-identified air-quality-smoothing artifact
NOZIP-4cf122155e,manual: user-identified air-quality-smoothing artifact
NOZIP-542eb0a385,manual: user-identified air-quality-smoothing artifact
NOZIP-54ecf9e2a5,manual: user-identified air-quality-smoothing artifact
NOZIP-633fa094d9,manual: user-identified air-quality-smoothing artifact
NOZIP-6f0c23cdef,manual: user-identified air-quality-smoothing artifact
NOZIP-9dd4a7613c,manual: user-identified air-quality-smoothing artifact
NOZIP-ad9d5fb5e6,manual: user-identified air-quality-smoothing artifact
NOZIP-da4cfc366c,manual: user-identified air-quality-smoothing artifact
NOZIP-df87bc2ff7,manual: user-identified air-quality-smoothing artifact
NOZIP-ebe69fadf7,manual: user-identified air-quality-smoothing artifact
NOZIP-f48e7aba67,manual: user-identified air-quality-smoothing artifact
NOZIP-f4c33b3345,manual: user-identified air-quality-smoothing artifact
NOZIP-fb5199d823,manual: user-identified air-quality-smoothing artifact
NOZIP-1cc81e843e,manual: user-identified air-quality-smoothing artifact
NOZIP-2057c7f22d,manual: user-identified air-quality-smoothing artifact
NOZIP-34d3d5c754,manual: user-identified air-quality-smoothing artifact
NOZIP-48967bda53,manual: user-identified air-quality-smoothing artifact
NOZIP-5d72fc5a0d,manual: user-identified air-quality-smoothing artifact
NOZIP-5e66360099,manual: user-identified air-quality-smoothing artifact
NOZIP-6f8d8e070d,manual: user-identified air-quality-smoothing artifact
NOZIP-9287c6c840,manual: user-identified air-quality-smoothing artifact
NOZIP-a58bdc1d3d,manual: user-identified air-quality-smoothing artifact
NOZIP-afaa39e32f,manual: user-identified air-quality-smoothing artifact
NOZIP-b21db6d4ad,manual: user-identified air-quality-smoothing artifact
NOZIP-bd1ef4bcb2,manual: user-identified air-quality-smoothing artifact
NOZIP-bfd2af8f30,manual: user-identified air-quality-smoothing artifact
NOZIP-c1097a0edc,manual: user-identified air-quality-smoothing artifact
NOZIP-d93b5178a8,manual: user-identified air-quality-smoothing artifact
NOZIP-dbcb61f83c,manual: user-identified air-quality-smoothing artifact
NOZIP-e04534ac7e,manual: user-identified air-quality-smoothing artifact
NOZIP-e64cfcdfaa,manual: user-identified air-quality-smoothing artifact
NOZIP-ec78aad457,manual: user-identified air-quality-smoothing artifact
NOZIP-f7fa4c53b8,manual: user-identified air-quality-smoothing artifact
NOZIP-051b6ff188,manual: user-identified air-quality-smoothing artifact
NOZIP-089bfe0017,manual: user-identified air-quality-smoothing artifact
NOZIP-092480f934,manual: user-identified air-quality-smoothing artifact
NOZIP-09535b5801,manual: user-identified air-quality-smoothing artifact
NOZIP-0bc835cb1b,manual: user-identified air-quality-smoothing artifact
NOZIP-0e450b8f06,manual: user-identified air-quality-smoothing artifact
NOZIP-1041eec8b2,manual: user-identified air-quality-smoothing artifact
NOZIP-26b8583b8c,manual: user-identified air-quality-smoothing artifact
NOZIP-35d3efffbc,manual: user-identified air-quality-smoothing artifact
NOZIP-39333758aa,manual: user-identified air-quality-smoothing artifact
NOZIP-4229303ec6,manual: user-identified air-quality-smoothing artifact
NOZIP-45e0cbb721,manual: user-identified air-quality-smoothing artifact
NOZIP-50e3d7a013,manual: user-identified air-quality-smoothing artifact
NOZIP-53dd2f9f12,manual: user-identified air-quality-smoothing artifact
NOZIP-57405eadd2,manual: user-identified air-quality-smoothing artifact
NOZIP-5b6bfffa83,manual: user-identified air-quality-smoothing artifact
NOZIP-5ff65b9f4e,manual: user-identified air-quality-smoothing artifact
NOZIP-687c438b4a,manual: user-identified air-quality-smoothing artifact
NOZIP-6adef2763d,manual: user-identified air-quality-smoothing artifact
NOZIP-6df42b97bc,manual: user-identified air-quality-smoothing artifact
NOZIP-6ea3caff35,manual: user-identified air-quality-smoothing artifact
NOZIP-71e0a7e6f6,manual: user-identified air-quality-smoothing artifact
NOZIP-7a93ac8382,manual: user-identified air-quality-smoothing artifact
NOZIP-7de3b25aef,manual: user-identified air-quality-smoothing artifact
NOZIP-803e5c43e8,manual: user-identified air-quality-smoothing artifact
NOZIP-810931704e,manual: user-identified air-quality-smoothing artifact
NOZIP-8228766ab2,manual: user-identified air-quality-smoothing artifact
NOZIP-91ff5dcc7d,manual: user-identified air-quality-smoothing artifact
NOZIP-9a0864228e,manual: user-identified air-quality-smoothing artifact
NOZIP-9ba63a4035,manual: user-identified air-quality-smoothing artifact
NOZIP-9fa9b2403c,manual: user-identified air-quality-smoothing artifact
NOZIP-a0ec392735,manual: user-identified air-quality-smoothing artifact
NOZIP-a9d8658478,manual: user-identified air-quality-smoothing artifact
NOZIP-acd348ba00,manual: user-identified air-quality-smoothing artifact
NOZIP-baade795c2,manual: user-identified air-quality-smoothing artifact
NOZIP-bd4e2eab08,manual: user-identified air-quality-smoothing artifact
NOZIP-bf90844f94,manual: user-identified air-quality-smoothing artifact
NOZIP-c0fd2a5fbf,manual: user-identified air-quality-smoothing artifact
NOZIP-c36a613d0b,manual: user-identified air-quality-smoothing artifact
NOZIP-c3da9fa1ad,manual: user-identified air-quality-smoothing artifact
NOZIP-dcbc88065a,manual: user-identified air-quality-smoothing artifact
NOZIP-dcee1595a7,manual: user-identified air-quality-smoothing artifact
NOZIP-e70c7313a8,manual: user-identified air-quality-smoothing artifact
NOZIP-f7277055fc,manual: user-identified air-quality-smoothing artifact
NOZIP-8cba0dff0c,"auto: severe-convective population-bias-correction artifact (near-zero apportioned population inflates the bias-corrected residual for small, mostly-uninhabited gap slivers near Green Bay WI / Door County peninsula)"
NOZIP-bff4241d99,"auto: severe-convective population-bias-correction artifact (near-zero apportioned population inflates the bias-corrected residual for small, mostly-uninhabited gap slivers near Green Bay WI / Door County peninsula)"
NOZIP-33bee5c95a,"auto: severe-convective population-bias-correction artifact (near-zero apportioned population inflates the bias-corrected residual for small, mostly-uninhabited gap slivers near Green Bay WI / Door County peninsula)"
NOZIP-00255495cd,"auto: severe-convective population-bias-correction artifact (near-zero apportioned population inflates the bias-corrected residual for small, mostly-uninhabited gap slivers near Green Bay WI / Door County peninsula)"
NOZIP-38d3af9eb4,"auto: severe-convective population-bias-correction artifact (near-zero apportioned population inflates the bias-corrected residual for small, mostly-uninhabited gap slivers near Green Bay WI / Door County peninsula)"
NOZIP-3f885576dc,"auto: severe-convective population-bias-correction artifact (near-zero apportioned population inflates the bias-corrected residual for small, mostly-uninhabited gap slivers near Green Bay WI / Door County peninsula)"
NOZIP-1d624923f2,"auto: severe-convective population-bias-correction artifact (near-zero apportioned population inflates the bias-corrected residual for small, mostly-uninhabited gap slivers near Green Bay WI / Door County peninsula)"
NOZIP-309b05620d,"auto: severe-convective population-bias-correction artifact (near-zero apportioned population inflates the bias-corrected residual for small, mostly-uninhabited gap slivers near Green Bay WI / Door County peninsula)"
NOZIP-1fa9c70260,"auto: severe-convective population-bias-correction artifact (near-zero apportioned population inflates the bias-corrected residual for small, mostly-uninhabited gap slivers near Green Bay WI / Door County peninsula)"
NOZIP-001178ac89,"auto: severe-convective population-bias-correction artifact (near-zero apportioned population inflates the bias-corrected residual for small, mostly-uninhabited gap slivers near Green Bay WI / Door County peninsula)"
NOZIP-7205df40b6,"auto: severe-convective population-bias-correction artifact (near-zero apportioned population inflates the bias-corrected residual for small, mostly-uninhabited gap slivers near Green Bay WI / Door County peninsula)"
NOZIP-c00a9ac454,"auto: severe-convective population-bias-correction artifact (near-zero apportioned population inflates the bias-corrected residual for small, mostly-uninhabited gap slivers near Green Bay WI / Door County peninsula)"
NOZIP-a7d17b81b1,"auto: severe-convective population-bias-correction artifact (near-zero apportioned population inflates the bias-corrected residual for small, mostly-uninhabited gap slivers near Green Bay WI / Door County peninsula)"
NOZIP-841bdae958,"auto: severe-convective population-bias-correction artifact (near-zero apportioned population inflates the bias-corrected residual for small, mostly-uninhabited gap slivers near Green Bay WI / Door County peninsula)"
NOZIP-76fe532463,"auto: severe-convective population-bias-correction artifact (near-zero apportioned population inflates the bias-corrected residual for small, mostly-uninhabited gap slivers near Green Bay WI / Door County peninsula)"
NOZIP-ff445716b1,"auto: severe-convective population-bias-correction artifact (near-zero apportioned population inflates the bias-corrected residual for small, mostly-uninhabited gap slivers near Green Bay WI / Door County peninsula)"
NOZIP-ea59c49afb,"auto: severe-convective population-bias-correction artifact (near-zero apportioned population inflates the bias-corrected residual for small, mostly-uninhabited gap slivers near Green Bay WI / Door County peninsula)"
NOZIP-dc89a7c2c8,"auto: severe-convective population-bias-correction artifact (near-zero apportioned population inflates the bias-corrected residual for small, mostly-uninhabited gap slivers near Green Bay WI / Door County peninsula)"
NOZIP-d60ee34355,"auto: severe-convective population-bias-correction artifact (near-zero apportioned population inflates the bias-corrected residual for small, mostly-uninhabited gap slivers near Green Bay WI / Door County peninsula)"
NOZIP-e8697c041a,"auto: severe-convective population-bias-correction artifact (near-zero apportioned population inflates the bias-corrected residual for small, mostly-uninhabited gap slivers near Green Bay WI / Door County peninsula)"
NOZIP-44408f07e6,"auto: severe-convective population-bias-correction artifact (near-zero apportioned population inflates the bias-corrected residual for small, mostly-uninhabited gap slivers near Green Bay WI / Door County peninsula)"
NOZIP-c283d6675f,"auto: severe-convective population-bias-correction artifact (near-zero apportioned population inflates the bias-corrected residual for small, mostly-uninhabited gap slivers near Green Bay WI / Door County peninsula)"
NOZIP-7abefba67a,"auto: severe-convective population-bias-correction artifact (near-zero apportioned population inflates the bias-corrected residual for small, mostly-uninhabited gap slivers near Green Bay WI / Door County peninsula)"
NOZIP-06b9440ae8,"auto: severe-convective population-bias-correction artifact (near-zero apportioned population inflates the bias-corrected residual for small, mostly-uninhabited gap slivers near Green Bay WI / Door County peninsula)"
NOZIP-bbe3d4be80,"auto: severe-convective population-bias-correction artifact (near-zero apportioned population inflates the bias-corrected residual for small, mostly-uninhabited gap slivers near Green Bay WI / Door County peninsula)"
NOZIP-011f2f9c24,"auto/manual: severe-convective population-bias-correction artifact (near-zero apportioned population inflates the bias-corrected residual for small, mostly-uninhabited gap slivers near Lake Erie/Lake St. Clair and Lake Ontario shorelines)"
NOZIP-096965b7e2,"auto/manual: severe-convective population-bias-correction artifact (near-zero apportioned population inflates the bias-corrected residual for small, mostly-uninhabited gap slivers near Lake Erie/Lake St. Clair and Lake Ontario shorelines)"
NOZIP-0a3670eb56,"auto/manual: severe-convective population-bias-correction artifact (near-zero apportioned population inflates the bias-corrected residual for small, mostly-uninhabited gap slivers near Lake Erie/Lake St. Clair and Lake Ontario shorelines)"
NOZIP-0ab55a910d,"auto/manual: severe-convective population-bias-correction artifact (near-zero apportioned population inflates the bias-corrected residual for small, mostly-uninhabited gap slivers near Lake Erie/Lake St. Clair and Lake Ontario shorelines)"
NOZIP-0b5c387c2b,"auto/manual: severe-convective population-bias-correction artifact (near-zero apportioned population inflates the bias-corrected residual for small, mostly-uninhabited gap slivers near Lake Erie/Lake St. Clair and Lake Ontario shorelines)"
NOZIP-10b062a22e,"auto/manual: severe-convective population-bias-correction artifact (near-zero apportioned population inflates the bias-corrected residual for small, mostly-uninhabited gap slivers near Lake Erie/Lake St. Clair and Lake Ontario shorelines)"
NOZIP-1546a9c0c1,"auto/manual: severe-convective population-bias-correction artifact (near-zero apportioned population inflates the bias-corrected residual for small, mostly-uninhabited gap slivers near Lake Erie/Lake St. Clair and Lake Ontario shorelines)"
NOZIP-21c0d0f311,"auto/manual: severe-convective population-bias-correction artifact (near-zero apportioned population inflates the bias-corrected residual for small, mostly-uninhabited gap slivers near Lake Erie/Lake St. Clair and Lake Ontario shorelines)"
NOZIP-244edbc26c,"auto/manual: severe-convective population-bias-correction artifact (near-zero apportioned population inflates the bias-corrected residual for small, mostly-uninhabited gap slivers near Lake Erie/Lake St. Clair and Lake Ontario shorelines)"
NOZIP-265bcaf977,"auto/manual: severe-convective population-bias-correction artifact (near-zero apportioned population inflates the bias-corrected residual for small, mostly-uninhabited gap slivers near Lake Erie/Lake St. Clair and Lake Ontario shorelines)"
NOZIP-2897e8a331,"auto/manual: severe-convective population-bias-correction artifact (near-zero apportioned population inflates the bias-corrected residual for small, mostly-uninhabited gap slivers near Lake Erie/Lake St. Clair and Lake Ontario shorelines)"
NOZIP-2b7ea67557,"auto/manual: severe-convective population-bias-correction artifact (near-zero apportioned population inflates the bias-corrected residual for small, mostly-uninhabited gap slivers near Lake Erie/Lake St. Clair and Lake Ontario shorelines)"
NOZIP-2e22550ec0,"auto/manual: severe-convective population-bias-correction artifact (near-zero apportioned population inflates the bias-corrected residual for small, mostly-uninhabited gap slivers near Lake Erie/Lake St. Clair and Lake Ontario shorelines)"
NOZIP-30be11d687,"auto/manual: severe-convective population-bias-correction artifact (near-zero apportioned population inflates the bias-corrected residual for small, mostly-uninhabited gap slivers near Lake Erie/Lake St. Clair and Lake Ontario shorelines)"
NOZIP-3e38038ec3,"auto/manual: severe-convective population-bias-correction artifact (near-zero apportioned population inflates the bias-corrected residual for small, mostly-uninhabited gap slivers near Lake Erie/Lake St. Clair and Lake Ontario shorelines)"
NOZIP-3e56037ceb,"auto/manual: severe-convective population-bias-correction artifact (near-zero apportioned population inflates the bias-corrected residual for small, mostly-uninhabited gap slivers near Lake Erie/Lake St. Clair and Lake Ontario shorelines)"
NOZIP-3f67975a07,"auto/manual: severe-convective population-bias-correction artifact (near-zero apportioned population inflates the bias-corrected residual for small, mostly-uninhabited gap slivers near Lake Erie/Lake St. Clair and Lake Ontario shorelines)"
NOZIP-44e0db1b63,"auto/manual: severe-convective population-bias-correction artifact (near-zero apportioned population inflates the bias-corrected residual for small, mostly-uninhabited gap slivers near Lake Erie/Lake St. Clair and Lake Ontario shorelines)"
NOZIP-471477f615,"auto/manual: severe-convective population-bias-correction artifact (near-zero apportioned population inflates the bias-corrected residual for small, mostly-uninhabited gap slivers near Lake Erie/Lake St. Clair and Lake Ontario shorelines)"
NOZIP-484e16f4de,"auto/manual: severe-convective population-bias-correction artifact (near-zero apportioned population inflates the bias-corrected residual for small, mostly-uninhabited gap slivers near Lake Erie/Lake St. Clair and Lake Ontario shorelines)"
NOZIP-5c742b59f4,"auto/manual: severe-convective population-bias-correction artifact (near-zero apportioned population inflates the bias-corrected residual for small, mostly-uninhabited gap slivers near Lake Erie/Lake St. Clair and Lake Ontario shorelines)"
NOZIP-646b9e110d,"auto/manual: severe-convective population-bias-correction artifact (near-zero apportioned population inflates the bias-corrected residual for small, mostly-uninhabited gap slivers near Lake Erie/Lake St. Clair and Lake Ontario shorelines)"
NOZIP-65a9b7c972,"auto/manual: severe-convective population-bias-correction artifact (near-zero apportioned population inflates the bias-corrected residual for small, mostly-uninhabited gap slivers near Lake Erie/Lake St. Clair and Lake Ontario shorelines)"
NOZIP-6612620db8,"auto/manual: severe-convective population-bias-correction artifact (near-zero apportioned population inflates the bias-corrected residual for small, mostly-uninhabited gap slivers near Lake Erie/Lake St. Clair and Lake Ontario shorelines)"
NOZIP-6c67687ec7,"auto/manual: severe-convective population-bias-correction artifact (near-zero apportioned population inflates the bias-corrected residual for small, mostly-uninhabited gap slivers near Lake Erie/Lake St. Clair and Lake Ontario shorelines)"
NOZIP-71053f5e05,"auto/manual: severe-convective population-bias-correction artifact (near-zero apportioned population inflates the bias-corrected residual for small, mostly-uninhabited gap slivers near Lake Erie/Lake St. Clair and Lake Ontario shorelines)"
NOZIP-76891f0f4e,"auto/manual: severe-convective population-bias-correction artifact (near-zero apportioned population inflates the bias-corrected residual for small, mostly-uninhabited gap slivers near Lake Erie/Lake St. Clair and Lake Ontario shorelines)"
NOZIP-7808121c61,"auto/manual: severe-convective population-bias-correction artifact (near-zero apportioned population inflates the bias-corrected residual for small, mostly-uninhabited gap slivers near Lake Erie/Lake St. Clair and Lake Ontario shorelines)"
NOZIP-783eb35dfe,"auto/manual: severe-convective population-bias-correction artifact (near-zero apportioned population inflates the bias-corrected residual for small, mostly-uninhabited gap slivers near Lake Erie/Lake St. Clair and Lake Ontario shorelines)"
NOZIP-7ca32590d8,"auto/manual: severe-convective population-bias-correction artifact (near-zero apportioned population inflates the bias-corrected residual for small, mostly-uninhabited gap slivers near Lake Erie/Lake St. Clair and Lake Ontario shorelines)"
NOZIP-843bac51c2,"auto/manual: severe-convective population-bias-correction artifact (near-zero apportioned population inflates the bias-corrected residual for small, mostly-uninhabited gap slivers near Lake Erie/Lake St. Clair and Lake Ontario shorelines)"
NOZIP-86d6682e3d,"auto/manual: severe-convective population-bias-correction artifact (near-zero apportioned population inflates the bias-corrected residual for small, mostly-uninhabited gap slivers near Lake Erie/Lake St. Clair and Lake Ontario shorelines)"
NOZIP-92a41954af,"auto/manual: severe-convective population-bias-correction artifact (near-zero apportioned population inflates the bias-corrected residual for small, mostly-uninhabited gap slivers near Lake Erie/Lake St. Clair and Lake Ontario shorelines)"
NOZIP-9452d3d721,"auto/manual: severe-convective population-bias-correction artifact (near-zero apportioned population inflates the bias-corrected residual for small, mostly-uninhabited gap slivers near Lake Erie/Lake St. Clair and Lake Ontario shorelines)"
NOZIP-95b3fa4140,"auto/manual: severe-convective population-bias-correction artifact (near-zero apportioned population inflates the bias-corrected residual for small, mostly-uninhabited gap slivers near Lake Erie/Lake St. Clair and Lake Ontario shorelines)"
NOZIP-984f030e3a,"auto/manual: severe-convective population-bias-correction artifact (near-zero apportioned population inflates the bias-corrected residual for small, mostly-uninhabited gap slivers near Lake Erie/Lake St. Clair and Lake Ontario shorelines)"
NOZIP-9a530c5246,"auto/manual: severe-convective population-bias-correction artifact (near-zero apportioned population inflates the bias-corrected residual for small, mostly-uninhabited gap slivers near Lake Erie/Lake St. Clair and Lake Ontario shorelines)"
NOZIP-a1a5793928,"auto/manual: severe-convective population-bias-correction artifact (near-zero apportioned population inflates the bias-corrected residual for small, mostly-uninhabited gap slivers near Lake Erie/Lake St. Clair and Lake Ontario shorelines)"
NOZIP-a3103a10f6,"auto/manual: severe-convective population-bias-correction artifact (near-zero apportioned population inflates the bias-corrected residual for small, mostly-uninhabited gap slivers near Lake Erie/Lake St. Clair and Lake Ontario shorelines)"
NOZIP-a31fd4c15b,"auto/manual: severe-convective population-bias-correction artifact (near-zero apportioned population inflates the bias-corrected residual for small, mostly-uninhabited gap slivers near Lake Erie/Lake St. Clair and Lake Ontario shorelines)"
NOZIP-acc4a5dc32,"auto/manual: severe-convective population-bias-correction artifact (near-zero apportioned population inflates the bias-corrected residual for small, mostly-uninhabited gap slivers near Lake Erie/Lake St. Clair and Lake Ontario shorelines)"
NOZIP-b120a2afa7,"auto/manual: severe-convective population-bias-correction artifact (near-zero apportioned population inflates the bias-corrected residual for small, mostly-uninhabited gap slivers near Lake Erie/Lake St. Clair and Lake Ontario shorelines)"
NOZIP-bb0e0fa984,"auto/manual: severe-convective population-bias-correction artifact (near-zero apportioned population inflates the bias-corrected residual for small, mostly-uninhabited gap slivers near Lake Erie/Lake St. Clair and Lake Ontario shorelines)"
NOZIP-c433b3f3bf,"auto/manual: severe-convective population-bias-correction artifact (near-zero apportioned population inflates the bias-corrected residual for small, mostly-uninhabited gap slivers near Lake Erie/Lake St. Clair and Lake Ontario shorelines)"
NOZIP-c7fa92053d,"auto/manual: severe-convective population-bias-correction artifact (near-zero apportioned population inflates the bias-corrected residual for small, mostly-uninhabited gap slivers near Lake Erie/Lake St. Clair and Lake Ontario shorelines)"
NOZIP-c889fe183e,"auto/manual: severe-convective population-bias-correction artifact (near-zero apportioned population inflates the bias-corrected residual for small, mostly-uninhabited gap slivers near Lake Erie/Lake St. Clair and Lake Ontario shorelines)"
NOZIP-d6282e672c,"auto/manual: severe-convective population-bias-correction artifact (near-zero apportioned population inflates the bias-corrected residual for small, mostly-uninhabited gap slivers near Lake Erie/Lake St. Clair and Lake Ontario shorelines)"
NOZIP-da261d188a,"auto/manual: severe-convective population-bias-correction artifact (near-zero apportioned population inflates the bias-corrected residual for small, mostly-uninhabited gap slivers near Lake Erie/Lake St. Clair and Lake Ontario shorelines)"
NOZIP-dd5f27469e,"auto/manual: severe-convective population-bias-correction artifact (near-zero apportioned population inflates the bias-corrected residual for small, mostly-uninhabited gap slivers near Lake Erie/Lake St. Clair and Lake Ontario shorelines)"
NOZIP-e06c981ab6,"auto/manual: severe-convective population-bias-correction artifact (near-zero apportioned population inflates the bias-corrected residual for small, mostly-uninhabited gap slivers near Lake Erie/Lake St. Clair and Lake Ontario shorelines)"
NOZIP-e95cb302df,"auto/manual: severe-convective population-bias-correction artifact (near-zero apportioned population inflates the bias-corrected residual for small, mostly-uninhabited gap slivers near Lake Erie/Lake St. Clair and Lake Ontario shorelines)"
NOZIP-f0b6e01842,"auto/manual: severe-convective population-bias-correction artifact (near-zero apportioned population inflates the bias-corrected residual for small, mostly-uninhabited gap slivers near Lake Erie/Lake St. Clair and Lake Ontario shorelines)"
NOZIP-f36519ff96,"auto/manual: severe-convective population-bias-correction artifact (near-zero apportioned population inflates the bias-corrected residual for small, mostly-uninhabited gap slivers near Lake Erie/Lake St. Clair and Lake Ontario shorelines)"
NOZIP-ff23ba2870,"auto/manual: severe-convective population-bias-correction artifact (near-zero apportioned population inflates the bias-corrected residual for small, mostly-uninhabited gap slivers near Lake Erie/Lake St. Clair and Lake Ontario shorelines)"
NOZIP-ffb0bcb8d1,"auto/manual: severe-convective population-bias-correction artifact (near-zero apportioned population inflates the bias-corrected residual for small, mostly-uninhabited gap slivers near Lake Erie/Lake St. Clair and Lake Ontario shorelines)"
